Original,Encripted
pitches,itchespay
newspapers,ewspapersnay
rice,iceray
because,ecausebay
sticks,tickssay
mere,eremay
droop,roopday
linen,inenlay
artilleryfire,artilleryfireyay
rarely,arelyray
trouble,roubletay
regiment,egimentray
considered,onsideredcay
perfectly,erfectlypay
sweeps,weepssay
established,establishedyay
westhus,esthusway
many,anymay
doctors,octorsday
collected,ollectedcay
oellrich,oellrichyay
dish,ishday
homecountry,omecountryhay
times,imestay
fastidious,astidiousfay
kats,atskay
thatturnips,hatturnipstay
expects,expectsyay
inhabitants,inhabitantsyay
unloaded,unloadedyay
exhaustion,exhaustionyay
lose,oselay
unfortunate,unfortunateyay
six,ixsay
patrolling,atrollingpay
willing,illingway
miserable,iserablemay
patrol,atrolpay
limp,implay
cured,uredcay
pleases,leasespay
loose,ooselay
begins,eginsbay
mortal,ortalmay
itch,itchyay
good,oodgay
blowing,lowingbay
name,amenay
scheme,chemesay
camp,ampcay
laid,aidlay
canteen,anteencay
knees,neeskay
hospital,ospitalhay
wakes,akesway
hedge,edgehay
so,osay
misery,iserymay
charged,hargedcay
calm,almcay
edge,edgeyay
astonishment,astonishmentyay
feature,eaturefay
given,ivengay
hesitate,esitatehay
over,overyay
somewhat,omewhatsay
noses,osesnay
avoided,avoidedyay
rear,earray
lying,yinglay
looks,ookslay
pair,airpay
petrifiedthere,etrifiedtherepay
springs,pringssay
rip,ipray
explains,explainsyay
ducks,ucksday
things,hingstay
smells,mellssay
listless,istlesslay
shadows,hadowssay
slightly,lightlysay
mouthful,outhfulmay
sister,istersay
great,reatgay
corner,ornercay
particularly,articularlypay
rumour,umourray
absent,absentyay
judging,udgingjay
away,awayyay
armchairs,armchairsyay
coverlets,overletscay
squat,quatsay
liver,iverlay
fund,undfay
bend,endbay
force,orcefay
equally,equallyyay
glides,lidesgay
detected,etectedday
mouth,outhmay
reassured,eassuredray
country,ountrycay
climb,limbcay
poles,olespay
tipped,ippedtay
were,ereway
finest,inestfay
actions,actionsyay
typical,ypicaltay
cosy,osycay
story,torysay
drivers,riversday
ones,onesyay
snipers,niperssay
whirling,hirlingway
begin,eginbay
louse,ouselay
parts,artspay
tinned,innedtay
scolded,coldedsay
desperate,esperateday
sergeantmajor,ergeantmajorsay
heave,eavehay
top,optay
finds,indsfay
birds,irdsbay
lively,ivelylay
habiteven,abitevenhay
realize,ealizeray
forms,ormsfay
disturbs,isturbsday
punctually,unctuallypay
sent,entsay
you,ouyay
crawling,rawlingcay
leaving,eavinglay
hair,airhay
disappears,isappearsday
sickly,icklysay
plaster,lasterpay
slips,lipssay
luck,ucklay
mortars,ortarsmay
heaves,eaveshay
seal,ealsay
shrub,hrubsay
suffocating,uffocatingsay
beard,eardbay
eight,eightyay
stooping,toopingsay
pokes,okespay
make,akemay
was,asway
suspicious,uspicioussay
imagine,imagineyay
shirt,hirtsay
swarm,warmsay
shadow,hadowsay
counterraid,ounterraidcay
happens,appenshay
bewildering,ewilderingbay
silk,ilksay
columns,olumnscay
colour,olourcay
singinga,ingingasay
pictures,icturespay
rests,estsray
helpless,elplesshay
station,tationsay
collapses,ollapsescay
diminish,iminishday
prayers,rayerspay
see,eesay
crack,rackcay
few,ewfay
slide,lidesay
stowed,towedsay
came,amecay
gloves,lovesgay
grasses,rassesgay
settle,ettlesay
always,alwaysyay
melancholy,elancholymay
overtime,overtimeyay
hurtles,urtleshay
able,ableyay
stock,tocksay
track,racktay
soft,oftsay
officers,officersyay
certain,ertaincay
counter,ountercay
this,histay
parted,artedpay
shattered,hatteredsay
destroyed,estroyedday
helplessly,elplesslyhay
doors,oorsday
knocked,nockedkay
crab,rabcay
into,intoyay
holes,oleshay
offended,offendedyay
express,expressyay
examined,examinedyay
thingand,hingandtay
asks,asksyay
shellholeswiftly,hellholeswiftlysay
pulse,ulsepay
healthy,ealthyhay
powder,owderpay
meet,eetmay
cold,oldcay
hence,encehay
judge,udgejay
cooked,ookedcay
organize,organizeyay
shoulder,houldersay
on,onyay
oellrichs,oellrichsyay
pig,igpay
agree,agreeyay
bloody,loodybay
lot,otlay
lower,owerlay
branches,ranchesbay
upon,uponyay
soundless,oundlesssay
drill,rillday
pretence,retencepay
hear,earhay
opalescent,opalescentyay
stools,toolssay
severest,everestsay
thinkhonest,hinkhonesttay
slant,lantsay
insisted,insistedyay
ham,amhay
duty,utyday
searching,earchingsay
pray,raypay
generally,enerallygay
tosses,ossestay
parsons,arsonspay
probably,robablypay
appears,appearsyay
noise,oisenay
information,informationyay
wouldnt,ouldntway
stretchers,tretcherssay
pounds,oundspay
worry,orryway
properly,roperlypay
believing,elievingbay
shrink,hrinksay
rocket,ocketray
open,openyay
sorely,orelysay
dress,ressday
notwithstanding,otwithstandingnay
ceased,easedcay
presented,resentedpay
spotted,pottedsay
criticizes,riticizescay
diagonally,iagonallyday
im,imyay
ready,eadyray
dim,imday
somethings,omethingssay
begging,eggingbay
savage,avagesay
twentyfive,wentyfivetay
naked,akednay
glowing,lowinggay
hot,othay
thereit,hereittay
tree,reetay
haie,aiehay
desire,esireday
humour,umourhay
baby,abybay
goods,oodsgay
falling,allingfay
risk,iskray
stairs,tairssay
escape,escapeyay
want,antway
do,oday
nothing,othingnay
try,rytay
every,everyyay
tins,instay
line,inelay
amputate,amputateyay
house,ousehay
wake,akeway
albert,albertyay
steers,teerssay
motherliness,otherlinessmay
bigger,iggerbay
caviar,aviarcay
shall,hallsay
alarm,alarmyay
wave,aveway
devotion,evotionday
thatkat,hatkattay
down,ownday
shut,hutsay
kemmerich,emmerichkay
injurya,injuryayay
finish,inishfay
barbed,arbedbay
bones,onesbay
pointed,ointedpay
understands,understandsyay
comprehension,omprehensioncay
mail,ailmay
found,oundfay
tuition,uitiontay
cheer,heercay
youll,oullyay
huddled,uddledhay
eggs,eggsyay
stab,tabsay
leg,eglay
repulsed,epulsedray
old,oldyay
wachter,achterway
proof,roofpay
costs,ostscay
bloodstained,loodstainedbay
invisible,invisibleyay
own,ownyay
planks,lankspay
ground,roundgay
muller,ullermay
concerned,oncernedcay
peacetime,eacetimepay
frenchman,renchmanfay
which,hichway
muzzle,uzzlemay
loaves,oaveslay
binds,indsbay
likes,ikeslay
any,anyyay
professors,rofessorspay
buxom,uxombay
huts,utshay
driving,rivingday
volunteers,olunteersvay
twice,wicetay
command,ommandcay
fight,ightfay
feed,eedfay
flat,latfay
piano,ianopay
leaning,eaninglay
discover,iscoverday
emperors,emperorsyay
blades,ladesbay
plan,lanpay
ladle,adlelay
ill,illyay
too,ootay
wears,earsway
frontline,rontlinefay
reinforcements,einforcementsray
grows,rowsgay
reward,ewardray
doing,oingday
reappears,eappearsray
bed,edbay
offends,offendsyay
definitely,efinitelyday
laboratory,aboratorylay
points,ointspay
pains,ainspay
shoemaker,hoemakersay
muffled,uffledmay
bernard,ernardbay
boxes,oxesbay
contemptuously,ontemptuouslycay
met,etmay
doctor,octorday
footsteps,ootstepsfay
carrots,arrotscay
needle,eedlenay
neat,eatnay
divide,ivideday
whatever,hateverway
canal,analcay
peeling,eelingpay
bounces,ouncesbay
eyes,eyesyay
tormented,ormentedtay
departs,epartsday
contentment,ontentmentcay
perceives,erceivespay
duck,uckday
wheelbarrows,heelbarrowsway
relieve,elieveray
thin,hintay
swing,wingsay
topsmouldy,opsmouldytay
talks,alkstay
inspections,inspectionsyay
uneasy,uneasyyay
senses,ensessay
foggy,oggyfay
underpants,underpantsyay
spoke,pokesay
sacks,ackssay
trundling,rundlingtay
utmost,utmostyay
muchterror,uchterrormay
security,ecuritysay
rattle,attleray
dressings,ressingsday
dozen,ozenday
nevertheless,everthelessnay
ornamental,ornamentalyay
bear,earbay
fascinated,ascinatedfay
passes,assespay
low,owlay
trickles,ricklestay
sprawl,prawlsay
altered,alteredyay
either,eitheryay
wade,adeway
loaf,oaflay
oncoming,oncomingyay
turnip,urniptay
leaps,eapslay
machinegun,achinegunmay
field,ieldfay
hans,anshay
wondering,onderingway
protected,rotectedpay
hindenburg,indenburghay
death,eathday
comfortable,omfortablecay
opportunity,opportunityyay
belong,elongbay
valet,aletvay
damn,amnday
berlin,erlinbay
groundless,roundlessgay
hand,andhay
powerfully,owerfullypay
nod,odnay
lands,andslay
glad,ladgay
throws,hrowstay
hours,ourshay
today,odaytay
peas,easpay
lead,eadlay
funny,unnyfay
burden,urdenbay
bustle,ustlebay
boiled,oiledbay
longing,onginglay
widely,idelyway
sending,endingsay
looked,ookedlay
called,alledcay
girls,irlsgay
quiet,uietqay
moor,oormay
abyss,abyssyay
greedily,reedilygay
clanging,langingcay
write,riteway
whoever,hoeverway
nowwe,owwenay
persists,ersistspay
luisa,uisalay
pamphlets,amphletspay
solemnity,olemnitysay
iron,ironyay
dare,areday
nurses,ursesnay
reserved,eservedray
morning,orningmay
butter,utterbay
bury,urybay
refinement,efinementray
damnable,amnableday
intended,intendedyay
near,earnay
beech,eechbay
now,ownay
develop,evelopday
moment,omentmay
raise,aiseray
blessed,lessedbay
taken,akentay
piece,iecepay
or,oryay
basecamp,asecampbay
cloud,loudcay
violin,iolinvay
easier,easieryay
mingled,ingledmay
roast,oastray
knife,nifekay
machinegunfire,achinegunfiremay
done,oneday
limits,imitslay
excitedly,excitedlyyay
officer,officeryay
begs,egsbay
stiff,tiffsay
uppish,uppishyay
stupid,tupidsay
other,otheryay
severe,everesay
picks,ickspay
sergeantcook,ergeantcooksay
generously,enerouslygay
comfort,omfortcay
suede,uedesay
shooting,hootingsay
smothered,motheredsay
operation,operationyay
after,afteryay
rescued,escuedray
bullets,ulletsbay
whenever,heneverway
themselves,hemselvestay
horror,orrorhay
frenzy,renzyfay
eyelids,eyelidsyay
in,inyay
livingroom,ivingroomlay
caution,autioncay
happen,appenhay
drive,riveday
strained,trainedsay
collar,ollarcay
rate,ateray
munition,unitionmay
replies,epliesray
lips,ipslay
fail,ailfay
fetches,etchesfay
germany,ermanygay
thrown,hrowntay
possibility,ossibilitypay
composed,omposedcay
control,ontrolcay
illness,illnessyay
spraying,prayingsay
store,toresay
troops,roopstay
shellhole,hellholesay
however,oweverhay
must,ustmay
thirty,hirtytay
sides,idessay
burial,urialbay
starving,tarvingsay
stick,ticksay
left,eftlay
wherever,hereverway
chattels,hattelscay
despised,espisedday
torture,orturetay
muddy,uddymay
fleeing,leeingfay
closely,loselycay
feeling,eelingfay
hum,umhay
bread,readbay
scramble,cramblesay
usual,usualyay
reinforced,einforcedray
bits,itsbay
beefsinew,eefsinewbay
objects,objectsyay
air,airyay
unbearable,unbearableyay
equal,equalyay
making,akingmay
friesland,rieslandfay
contradicts,ontradictscay
remorse,emorseray
uniform,uniformyay
notes,otesnay
handkerchief,andkerchiefhay
recognize,ecognizeray
storks,torkssay
lie,ielay
shivering,hiveringsay
majority,ajoritymay
past,astpay
gets,etsgay
lumber,umberlay
coloured,olouredcay
added,addedyay
perambulators,erambulatorspay
crashes,rashescay
regain,egainray
fairly,airlyfay
bring,ringbay
provocation,rovocationpay
soon,oonsay
clink,linkcay
faces,acesfay
bowl,owlbay
animal,animalyay
waited,aitedway
volunteer,olunteervay
shakes,hakessay
street,treetsay
nail,ailnay
power,owerpay
switch,witchsay
himself,imselfhay
between,etweenbay
tries,riestay
thousand,housandtay
blouses,lousesbay
blown,lownbay
separated,eparatedsay
night,ightnay
louder,ouderlay
fished,ishedfay
fourposter,ourposterfay
peel,eelpay
impressed,impressedyay
books,ooksbay
four,ourfay
food,oodfay
burning,urningbay
washed,ashedway
fragment,ragmentfay
lays,ayslay
bedcover,edcoverbay
freshly,reshlyfay
despair,espairday
certificate,ertificatecay
grub,rubgay
wire,ireway
necessity,ecessitynay
yards,ardsyay
result,esultray
accent,accentyay
beneath,eneathbay
pan,anpay
crash,rashcay
screams,creamssay
chests,hestscay
turned,urnedtay
sag,agsay
returns,eturnsray
its,itsyay
agitation,agitationyay
forever,oreverfay
reaping,eapingray
until,untilyay
lung,unglay
dregs,regsday
whom,homway
penalty,enaltypay
excitement,excitementyay
gone,onegay
wall,allway
sergeantmajors,ergeantmajorssay
noted,otednay
thus,hustay
edibles,ediblesyay
right,ightray
going,oinggay
reflect,eflectray
happy,appyhay
button,uttonbay
fellows,ellowsfay
would,ouldway
made,ademay
soldier,oldiersay
detering,eteringday
slaughtered,laughteredsay
cheerful,heerfulcay
two,wotay
enemies,enemiesyay
goethes,oethesgay
sopping,oppingsay
helpfully,elpfullyhay
slight,lightsay
clerks,lerkscay
pushed,ushedpay
hearten,eartenhay
peasants,easantspay
cigar,igarcay
chews,hewscay
mean,eanmay
jam,amjay
fro,rofay
emperor,emperoryay
approaching,approachingyay
thermometers,hermometerstay
beg,egbay
unusual,unusualyay
heavy,eavyhay
travels,ravelstay
thoughts,houghtstay
cancer,ancercay
frozen,rozenfay
forest,orestfay
animals,animalsyay
spoon,poonsay
starts,tartssay
steadily,teadilysay
toward,owardtay
picking,ickingpay
bullet,ulletbay
reveals,evealsray
zealously,ealouslyzay
torches,orchestay
rifle,ifleray
arms,armsyay
expression,expressionyay
placed,lacedpay
further,urtherfay
wonder,onderway
absurdity,absurdityyay
forefinger,orefingerfay
nourishment,ourishmentnay
operate,operateyay
seen,eensay
mewing,ewingmay
had,adhay
among,amongyay
german,ermangay
blue,luebay
of,ofyay
form,ormfay
empty,emptyyay
sweet,weetsay
fine,inefay
much,uchmay
likelythat,ikelythatlay
sniff,niffsay
glance,lancegay
fat,atfay
fare,arefay
pretty,rettypay
transparent,ransparenttay
mouldy,ouldymay
coffee,offeecay
yes,esyay
cutting,uttingcay
report,eportray
mumbling,umblingmay
back,ackbay
utterly,utterlyyay
again,againyay
gasps,aspsgay
attemptthey,attempttheyyay
wild,ildway
fragments,ragmentsfay
gurgle,urglegay
casually,asuallycay
guard,uardgay
kat,atkay
gasp,aspgay
brothel,rothelbay
brain,rainbay
slink,linksay
hit,ithay
handful,andfulhay
numb,umbnay
warm,armway
annihilation,annihilationyay
slice,licesay
prick,rickpay
ceasing,easingcay
bootlace,ootlacebay
windy,indyway
prison,risonpay
halfpound,alfpoundhay
put,utpay
masterpiecethe,asterpiecethemay
mine,inemay
surgeon,urgeonsay
signed,ignedsay
foraging,oragingfay
end,endyay
separately,eparatelysay
fills,illsfay
becoming,ecomingbay
lice,icelay
heathen,eathenhay
older,olderyay
growl,rowlgay
hundreds,undredshay
sitting,ittingsay
tough,oughtay
promise,romisepay
instructions,instructionsyay
explain,explainyay
alike,alikeyay
midst,idstmay
stroke,trokesay
middle,iddlemay
shuts,hutssay
saucer,aucersay
experienced,experiencedyay
loud,oudlay
knowbeg,nowbegkay
explosions,explosionsyay
up,upyay
stay,taysay
stiffens,tiffenssay
hole,olehay
sixofficers,ixofficerssay
guards,uardsgay
sundays,undayssay
hanging,anginghay
behind,ehindbay
speck,pecksay
bucket,ucketbay
apparently,apparentlyyay
gang,anggay
whizz,hizzway
flip,lipfay
cauliflower,auliflowercay
printer,rinterpay
bell,ellbay
sad,adsay
rhythm,hythmray
workmen,orkmenway
adds,addsyay
roof,oofray
real,ealray
second,econdsay
horizon,orizonhay
fork,orkfay
proceeds,roceedspay
observe,observeyay
also,alsoyay
an,anyay
anywhere,anywhereyay
walk,alkway
tunic,unictay
useful,usefulyay
firestep,irestepfay
yellow,ellowyay
mind,indmay
moderate,oderatemay
motor,otormay
speaking,peakingsay
state,tatesay
body,odybay
sharply,harplysay
choicest,hoicestcay
pale,alepay
entire,entireyay
thunders,hunderstay
inspected,inspectedyay
beats,eatsbay
grey,reygay
outthe,outtheyay
efforts,effortsyay
exchanged,exchangedyay
laugh,aughlay
list,istlay
prayer,rayerpay
prosy,rosypay
responsible,esponsibleray
emotion,emotionyay
jokes,okesjay
world,orldway
twilight,wilighttay
abandoned,abandonedyay
am,amyay
fast,astfay
look,ooklay
main,ainmay
stove,tovesay
railway,ailwayray
complicated,omplicatedcay
scratch,cratchsay
names,amesnay
heart,earthay
small,mallsay
franzs,ranzsfay
fancy,ancyfay
where,hereway
with,ithway
she,hesay
braini,rainibay
hymns,ymnshay
here,erehay
place,lacepay
anyway,anywayyay
abuses,abusesyay
silence,ilencesay
fatherland,atherlandfay
dreaming,reamingday
easily,easilyyay
bent,entbay
dagger,aggerday
utter,utteryay
gasping,aspinggay
sometimes,ometimessay
quicksilver,uicksilverqay
vanishes,anishesvay
freely,reelyfay
midday,iddaymay
overbut,overbutyay
motionless,otionlessmay
exhausted,exhaustedyay
covered,overedcay
drop,ropday
her,erhay
terrified,errifiedtay
musical,usicalmay
kills,illskay
plastered,lasteredpay
war,arway
pull,ullpay
living,ivinglay
pebbles,ebblespay
sharp,harpsay
entice,enticeyay
hook,ookhay
enthusiasm,enthusiasmyay
cursed,ursedcay
annoy,annoyyay
lacks,ackslay
particular,articularpay
tighter,ightertay
tumble,umbletay
survey,urveysay
snake,nakesay
disturbed,isturbedday
reopened,eopenedray
headache,eadachehay
bashful,ashfulbay
damned,amnedday
vain,ainvay
probable,robablepay
hello,ellohay
strange,trangesay
occasionally,occasionallyyay
loneliness,onelinesslay
success,uccesssay
gunfire,unfiregay
scoop,coopsay
platform,latformpay
rumalso,umalsoray
bomb,ombbay
help,elphay
skulls,kullssay
taste,astetay
rulers,ulersray
slabs,labssay
curve,urvecay
stinking,tinkingsay
mud,udmay
peevish,eevishpay
bar,arbay
swine,winesay
rubbish,ubbishray
rags,agsray
lostand,ostandlay
prisoners,risonerspay
scoundrel,coundrelsay
ask,askyay
glass,lassgay
drinking,rinkingday
take,aketay
show,howsay
unquestionable,unquestionableyay
hearts,eartshay
club,lubcay
enough,enoughyay
someone,omeonesay
froth,rothfay
mountain,ountainmay
follow,ollowfay
more,oremay
feverish,everishfay
three,hreetay
hastily,astilyhay
charmed,harmedcay
terms,ermstay
uttermost,uttermostyay
belgian,elgianbay
stand,tandsay
bearings,earingsbay
extraordinarily,extraordinarilyyay
hammers,ammershay
school,choolsay
water,aterway
immediate,immediateyay
twoyearold,woyearoldtay
needs,eedsnay
cast,astcay
glued,luedgay
waiting,aitingway
orders,ordersyay
sucking,uckingsay
inside,insideyay
bandages,andagesbay
longer,ongerlay
green,reengay
grasping,raspinggay
poker,okerpay
gallop,allopgay
may,aymay
devastated,evastatedday
undamagedparts,undamagedpartsyay
case,asecay
fix,ixfay
houses,ouseshay
gradually,raduallygay
almost,almostyay
broad,roadbay
what,hatway
skythen,kythensay
lovers,overslay
speak,peaksay
turning,urningtay
king,ingkay
accustomed,accustomedyay
play,laypay
forward,orwardfay
purpose,urposepay
grievous,rievousgay
smash,mashsay
go,ogay
funds,undsfay
convulses,onvulsescay
piecing,iecingpay
aim,aimyay
walls,allsway
ought,oughtyay
thinks,hinkstay
highest,ighesthay
skin,kinsay
stalks,talkssay
rotten,ottenray
shoulders,houlderssay
clanks,lankscay
first,irstfay
stuff,tuffsay
thick,hicktay
roars,oarsray
sits,itssay
eat,eatyay
kropp,roppkay
transform,ransformtay
single,inglesay
difficult,ifficultday
document,ocumentday
branch,ranchbay
per,erpay
our,ouryay
limb,imblay
might,ightmay
whichever,hicheverway
gendarmes,endarmesgay
saxon,axonsay
fling,lingfay
scornfully,cornfullysay
cracked,rackedcay
moustache,oustachemay
audible,audibleyay
warning,arningway
wellknown,ellknownway
stretcherbearers,tretcherbearerssay
very,eryvay
landed,andedlay
little,ittlelay
false,alsefay
month,onthmay
know,nowkay
running,unningray
tails,ailstay
insists,insistsyay
butt,uttbay
saying,ayingsay
heavily,eavilyhay
thought,houghttay
smiles,milessay
since,incesay
simple,implesay
bright,rightbay
wolf,olfway
turns,urnstay
hungry,ungryhay
calls,allscay
imagined,imaginedyay
practically,racticallypay
wife,ifeway
figures,iguresfay
never,evernay
scurry,currysay
cakes,akescay
wagon,agonway
involved,involvedyay
tremble,rembletay
anyhowin,anyhowinyay
plenty,lentypay
hunting,untinghay
joyfully,oyfullyjay
diningroom,iningroomday
glide,lidegay
grasp,raspgay
believe,elievebay
treats,reatstay
taking,akingtay
gold,oldgay
earth,earthyay
waste,asteway
bearable,earablebay
musician,usicianmay
disappointed,isappointedday
knew,newkay
children,hildrencay
picked,ickedpay
sort,ortsay
brotherly,rotherlybay
short,hortsay
kinds,indskay
bringing,ringingbay
timeperhaps,imeperhapstay
speaks,peakssay
bitterly,itterlybay
walrus,alrusway
rubber,ubberray
mess,essmay
implacable,implacableyay
compelled,ompelledcay
birches,irchesbay
rather,atherray
sauce,aucesay
whistling,histlingway
ach,achyay
frenchmen,renchmenfay
taxes,axestay
lay,aylay
fear,earfay
smoked,mokedsay
motionlesssomewhere,otionlesssomewheremay
supply,upplysay
tear,eartay
threatens,hreatenstay
kramer,ramerkay
pay,aypay
billet,illetbay
canopy,anopycay
mixes,ixesmay
possess,ossesspay
evade,evadeyay
score,coresay
havent,aventhay
herbesthal,erbesthalhay
continue,ontinuecay
cheaper,heapercay
restless,estlessray
bellow,ellowbay
corridor,orridorcay
i,iyay
brings,ringsbay
worthy,orthyway
breathe,reathebay
way,ayway
raking,akingray
squeeze,queezesay
mad,admay
leaks,eakslay
afterwards,afterwardsyay
hitherto,ithertohay
tramps,rampstay
strains,trainssay
pitilessness,itilessnesspay
twelve,welvetay
snaps,napssay
revolver,evolverray
quite,uiteqay
simply,implysay
tremendous,remendoustay
dares,aresday
fence,encefay
passed,assedpay
starshell,tarshellsay
fair,airfay
last,astlay
unclad,uncladyay
kaiser,aiserkay
sudden,uddensay
wrap,rapway
angrily,angrilyyay
chocolate,hocolatecay
flowing,lowingfay
dry,ryday
shoot,hootsay
return,eturnray
carefully,arefullycay
snort,nortsay
shouldnt,houldntsay
backs,acksbay
losses,osseslay
meditates,editatesmay
nods,odsnay
stuck,tucksay
garbage,arbagegay
cage,agecay
out,outyay
stories,toriessay
thishere,hisheretay
cigars,igarscay
pans,anspay
stumble,tumblesay
wound,oundway
rescue,escueray
different,ifferentday
advance,advanceyay
booty,ootybay
feels,eelsfay
panting,antingpay
generals,eneralsgay
assents,assentsyay
inspection,inspectionyay
cackles,acklescay
fright,rightfay
leads,eadslay
exalted,exaltedyay
eagerly,eagerlyyay
floor,loorfay
againbut,againbutyay
chain,haincay
cellar,ellarcay
run,unray
word,ordway
grand,randgay
save,avesay
routine,outineray
fingers,ingersfay
sounds,oundssay
laughs,aughslay
forehead,oreheadfay
his,ishay
grins,rinsgay
alertness,alertnessyay
entrance,entranceyay
apathetic,apatheticyay
cigarette,igarettecay
paper,aperpay
lucky,uckylay
gay,aygay
attack,attackyay
tomorrow,omorrowtay
polishing,olishingpay
mother,othermay
muck,uckmay
orderly,orderlyyay
squeak,queaksay
high,ighhay
aboutterror,aboutterroryay
wide,ideway
strike,trikesay
camerade,ameradecay
reassure,eassureray
raked,akedray
gurgles,urglesgay
sand,andsay
long,onglay
reach,eachray
both,othbay
part,artpay
flies,liesfay
powerful,owerfulpay
fourth,ourthfay
kettleseverything,ettleseverythingkay
bow,owbay
hershe,ershehay
persons,ersonspay
jumps,umpsjay
vague,aguevay
seems,eemssay
nape,apenay
chimney,himneycay
toss,osstay
ends,endsyay
conscience,onsciencecay
burdens,urdensbay
exasperate,exasperateyay
doesnt,oesntday
getting,ettinggay
distressing,istressingday
peter,eterpay
clatter,lattercay
explosion,explosionyay
merely,erelymay
picture,icturepay
quarryingand,uarryingandqay
weeks,eeksway
paul,aulpay
blankets,lanketsbay
snowwhite,nowwhitesay
answer,answeryay
casualties,asualtiescay
smashes,mashessay
remember,ememberray
curse,ursecay
remembers,emembersray
paulpaul,aulpaulpay
side,idesay
bumped,umpedbay
reproach,eproachray
kantorek,antorekkay
himmelstoss,immelstosshay
tiniest,iniesttay
resolves,esolvesray
halfpast,alfpasthay
says,ayssay
shudder,huddersay
offwe,offweyay
themthey,hemtheytay
room,oomray
hurry,urryhay
fog,ogfay
fetch,etchfay
deer,eerday
saved,avedsay
one,oneyay
unceasing,unceasingyay
pick,ickpay
halts,altshay
earnest,earnestyay
pursues,ursuespay
favourite,avouritefay
white,hiteway
lightly,ightlylay
stretch,tretchsay
rejoice,ejoiceray
rooms,oomsray
sourly,ourlysay
peer,eerpay
upset,upsetyay
grind,rindgay
got,otgay
stood,toodsay
provision,rovisionpay
seize,eizesay
nearerall,earerallnay
stems,temssay
scores,coressay
discuss,iscussday
evacuate,evacuateyay
crept,reptcay
ever,everyay
bees,eesbay
select,electsay
shuffle,hufflesay
clothing,lothingcay
threshing,hreshingtay
sweat,weatsay
voice,oicevay
shuddering,hudderingsay
tension,ensiontay
heights,eightshay
demented,ementedday
dash,ashday
theatre,heatretay
indian,indianyay
peasant,easantpay
tommy,ommytay
himtomorrow,imtomorrowhay
front,rontfay
theres,herestay
while,hileway
limit,imitlay
cognac,ognaccay
gutz,utzgay
quietthen,uietthenqay
him,imhay
tossing,ossingtay
everyone,everyoneyay
childlike,hildlikecay
masturbate,asturbatemay
flicker,lickerfay
push,ushpay
clatters,latterscay
medical,edicalmay
works,orksway
stop,topsay
said,aidsay
stretcher,tretchersay
helmet,elmethay
parades,aradespay
haemorrhage,aemorrhagehay
coverlet,overletcay
nose,osenay
drag,ragday
spite,pitesay
flying,lyingfay
alive,aliveyay
gruel,ruelgay
mattresses,attressesmay
mothers,othersmay
being,eingbay
protect,rotectpay
shots,hotssay
separate,eparatesay
darknessi,arknessiday
harder,arderhay
telling,ellingtay
practise,ractisepay
telescopic,elescopictay
runs,unsray
turn,urntay
distinction,istinctionday
blackhaired,lackhairedbay
matters,attersmay
aches,achesyay
frightened,rightenedfay
village,illagevay
national,ationalnay
blacksmith,lacksmithbay
is,isyay
hottest,ottesthay
touch,ouchtay
distance,istanceday
definite,efiniteday
count,ountcay
trollies,rolliestay
whip,hipway
scars,carssay
sound,oundsay
important,importantyay
sing,ingsay
exactly,exactlyyay
saw,awsay
lets,etslay
nap,apnay
fry,ryfay
isnt,isntyay
bulge,ulgebay
everything,everythingyay
torn,orntay
copper,oppercay
france,rancefay
wounds,oundsway
quietly,uietlyqay
notices,oticesnay
fifty,iftyfay
he,ehay
act,actyay
resignation,esignationray
vegetables,egetablesvay
press,resspay
shocking,hockingsay
beards,eardsbay
stretched,tretchedsay
badtemperedly,adtemperedlybay
silken,ilkensay
ripped,ippedray
sweeping,weepingsay
dont,ontday
receive,eceiveray
comfortably,omfortablycay
groan,roangay
keeps,eepskay
stands,tandssay
curious,uriouscay
hiding,idinghay
big,igbay
anything,anythingyay
flares,laresfay
new,ewnay
land,andlay
scratched,cratchedsay
splinters,plinterssay
wage,ageway
outhousea,outhouseayay
mattress,attressmay
sausages,ausagessay
breast,reastbay
unsheltered,unshelteredyay
trees,reestay
cracks,rackscay
sets,etssay
anybody,anybodyyay
folding,oldingfay
hacks,ackshay
infirmaries,infirmariesyay
ourselves,ourselvesyay
it,ityay
exclaim,exclaimyay
under,underyay
floorafter,loorafterfay
gruffly,rufflygay
eleven,elevenyay
allow,allowyay
quixotic,uixoticqay
regular,egularray
peace,eacepay
afternoon,afternoonyay
daisycutters,aisycuttersday
well,ellway
whistles,histlesway
commissariat,ommissariatcay
entanglements,entanglementsyay
responds,espondsray
whole,holeway
bag,agbay
paradise,aradisepay
send,endsay
matteroffact,atteroffactmay
lean,eanlay
frying,ryingfay
business,usinessbay
chest,hestcay
clearly,learlycay
cannot,annotcay
deal,ealday
money,oneymay
gazes,azesgay
grovelling,rovellinggay
clerk,lerkcay
fulldress,ulldressfay
others,othersyay
spotless,potlesssay
red,edray
pile,ilepay
itching,itchingyay
overwhelming,overwhelmingyay
before,eforebay
steel,teelsay
interval,intervalyay
floods,loodsfay
notice,oticenay
door,oorday
eh,ehyay
sleep,leepsay
grumbled,rumbledgay
accompany,accompanyyay
josef,osefjay
pocket,ocketpay
reported,eportedray
unconsciously,unconsciouslyyay
went,entway
beside,esidebay
icy,icyyay
car,arcay
consider,onsidercay
drink,rinkday
professionally,rofessionallypay
light,ightlay
statetjaden,tatetjadensay
schoolmaster,choolmastersay
worse,orseway
column,olumncay
fortnight,ortnightfay
scatter,cattersay
covers,overscay
oftener,ofteneryay
above,aboveyay
neck,ecknay
managed,anagedmay
groaning,roaninggay
resistance,esistanceray
underfoot,underfootyay
breath,reathbay
late,atelay
mutter,uttermay
bombardment,ombardmentbay
queer,ueerqay
brownish,rownishbay
bags,agsbay
trade,radetay
wait,aitway
acquainted,acquaintedyay
carrot,arrotcay
window,indowway
moves,ovesmay
fellow,ellowfay
hut,uthay
shortly,hortlysay
flows,lowsfay
orderlies,orderliesyay
arm,armyay
for,orfay
noiselessly,oiselesslynay
shirts,hirtssay
sail,ailsay
still,tillsay
cooks,ookscay
sink,inksay
matter,attermay
knives,niveskay
sheet,heetsay
there,heretay
shyly,hylysay
star,tarsay
god,odgay
dances,ancesday
throw,hrowtay
pates,atespay
charge,hargecay
kind,indkay
nauseated,auseatednay
franz,ranzfay
countries,ountriescay
bethink,ethinkbay
crawl,rawlcay
batteries,atteriesbay
level,evellay
kicking,ickingkay
shattering,hatteringsay
sure,uresay
razor,azorray
punch,unchpay
deeply,eeplyday
bawl,awlbay
appetites,appetitesyay
sockets,ocketssay
grief,riefgay
explanation,explanationyay
stateif,tateifsay
softly,oftlysay
screech,creechsay
treatment,reatmenttay
perceive,erceivepay
max,axmay
marks,arksmay
raving,avingray
talking,alkingtay
writing,ritingway
spring,pringsay
anyone,anyoneyay
overjoyed,overjoyedyay
flee,leefay
pancake,ancakepay
potatocakes,otatocakespay
shell,hellsay
decent,ecentday
agrees,agreesyay
pastelgreen,astelgreenpay
jobs,obsjay
minute,inutemay
effect,effectyay
against,againstyay
rising,isingray
parrot,arrotpay
missing,issingmay
choppingblock,hoppingblockcay
pleased,leasedpay
finishes,inishesfay
yet,etyay
trenches,renchestay
match,atchmay
treat,reattay
come,omecay
head,eadhay
surrounded,urroundedsay
bit,itbay
condemnation,ondemnationcay
hits,itshay
cigarettesalso,igarettesalsocay
innocently,innocentlyyay
pigs,igspay
proudly,roudlypay
stops,topssay
remains,emainsray
beardsthey,eardstheybay
boots,ootsbay
sighs,ighssay
labourers,abourerslay
monkeys,onkeysmay
standing,tandingsay
another,anotheryay
wags,agsway
buttoned,uttonedbay
titbits,itbitstay
expensive,expensiveyay
cinema,inemacay
waterproof,aterproofway
sways,wayssay
occurs,occursyay
strictly,trictlysay
knuckles,nuckleskay
clothes,lothescay
pieces,iecespay
existence,existenceyay
youve,ouveyay
hasnt,asnthay
cases,asescay
profit,rofitpay
forgotten,orgottenfay
packet,acketpay
day,ayday
beyer,eyerbay
craters,raterscay
litany,itanylay
nor,ornay
suddenly,uddenlysay
wet,etway
sleeping,leepingsay
reinforcementreservist,einforcementreservistray
girl,irlgay
talked,alkedtay
soul,oulsay
turd,urdtay
stray,traysay
yell,ellyay
aeroplanes,aeroplanesyay
furnish,urnishfay
memory,emorymay
hundred,undredhay
jagged,aggedjay
modesty,odestymay
comforted,omfortedcay
roaming,oamingray
crusts,rustscay
cover,overcay
built,uiltbay
plush,lushpay
chorale,horalecay
test,esttay
inviting,invitingyay
lorries,orrieslay
appearance,appearanceyay
evenings,eveningsyay
sentimental,entimentalsay
duckweed,uckweedday
lifted,iftedlay
baldaquin,aldaquinbay
bowels,owelsbay
grass,rassgay
disentanglement,isentanglementday
army,armyyay
threw,hrewtay
space,pacesay
slip,lipsay
dolls,ollsday
to,otay
knows,nowskay
lift,iftlay
better,etterbay
foreheads,oreheadsfay
praying,rayingpay
years,earsyay
does,oesday
sinks,inkssay
breezes,reezesbay
round,oundray
betraying,etrayingbay
simpler,implersay
concussion,oncussioncay
by,ybay
companionship,ompanionshipcay
deepens,eepensday
smooths,moothssay
limbs,imbslay
wash,ashway
third,hirdtay
all,allyay
although,althoughyay
spasm,pasmsay
noon,oonnay
strongly,tronglysay
grope,ropegay
sun,unsay
kitchen,itchenkay
stumbles,tumblessay
capture,apturecay
madly,adlymay
ten,entay
that,hattay
but,utbay
even,evenyay
leaves,eaveslay
sowhat,owhatsay
support,upportsay
share,haresay
hes,eshay
poor,oorpay
catholic,atholiccay
hoarse,oarsehay
pardon,ardonpay
talk,alktay
bare,arebay
wander,anderway
free,reefay
shells,hellssay
wasted,astedway
instruments,instrumentsyay
attendance,attendanceyay
stirs,tirssay
cookhouse,ookhousecay
dark,arkday
squads,quadssay
meal,ealmay
us,usyay
sirnow,irnowsay
powerless,owerlesspay
vacant,acantvay
pass,asspay
used,usedyay
leer,eerlay
bet,etbay
taut,auttay
fighting,ightingfay
indistinctly,indistinctlyyay
leapt,eaptlay
catch,atchcay
crowd,rowdcay
who,howay
famous,amousfay
acting,actingyay
peelings,eelingspay
silent,ilentsay
electric,electricyay
hiss,isshay
read,eadray
sense,ensesay
answers,answersyay
indeed,indeedyay
shelled,helledsay
dreadfully,readfullyday
dressing,ressingday
gleaming,leaminggay
terrible,erribletay
lancecorporal,ancecorporallay
cunning,unningcay
presence,resencepay
fool,oolfay
breaks,reaksbay
dump,umpday
road,oadray
feel,eelfay
dogs,ogsday
millions,illionsmay
amiss,amissyay
doubt,oubtday
falteringly,alteringlyfay
trot,rottay
pour,ourpay
poking,okingpay
von,onvay
full,ullfay
slowly,lowlysay
pore,orepay
twenty,wentytay
heightened,eightenedhay
bubbles,ubblesbay
mesh,eshmay
habit,abithay
joins,oinsjay
point,ointpay
together,ogethertay
hard,ardhay
drown,rownday
recall,ecallray
ducksbut,ucksbutday
farthest,arthestfay
drawingroom,rawingroomday
junipers,unipersjay
face,acefay
looking,ookinglay
attachment,attachmentyay
from,romfay
certainly,ertainlycay
book,ookbay
everlasting,everlastingyay
kemmerichs,emmerichskay
banging,angingbay
cautiously,autiouslycay
people,eoplepay
river,iverray
unnecessarily,unnecessarilyyay
during,uringday
surely,urelysay
factors,actorsfay
gently,entlygay
wonderful,onderfulway
herr,errhay
only,onlyyay
opens,opensyay
potatoes,otatoespay
sausage,ausagesay
finished,inishedfay
ours,oursyay
and,andyay
phrase,hrasepay
as,asyay
st,tsay
luxurious,uxuriouslay
tell,elltay
creep,reepcay
ive,iveyay
halfbent,alfbenthay
exclaims,exclaimsyay
search,earchsay
cottages,ottagescay
bottle,ottlebay
through,hroughtay
bitter,itterbay
promised,romisedpay
rest,estray
thats,hatstay
plays,layspay
dying,yingday
dip,ipday
close,losecay
countryside,ountrysidecay
wounded,oundedway
visitors,isitorsvay
meyer,eyermay
kindly,indlykay
hang,anghay
sights,ightssay
can,ancay
net,etnay
complete,ompletecay
interrogation,interrogationyay
bursts,urstsbay
wish,ishway
really,eallyray
staggers,taggerssay
bristling,ristlingbay
safely,afelysay
rifles,iflesray
nine,inenay
inquire,inquireyay
parachute,arachutepay
extenuation,extenuationyay
ring,ingray
knee,neekay
illluck,illluckyay
immediately,immediatelyyay
rub,ubray
brunette,runettebay
extraordinary,extraordinaryyay
crisp,rispcay
care,arecay
darkperhaps,arkperhapsday
reason,easonray
no,onay
mighty,ightymay
bottom,ottombay
waked,akedway
goes,oesgay
eating,eatingyay
dig,igday
brown,rownbay
outfit,outfityay
till,illtay
oddly,oddlyyay
lid,idlay
fearful,earfulfay
terror,errortay
letter,etterlay
grab,rabgay
time,imetay
next,extnay
fuss,ussfay
soldiers,oldierssay
sit,itsay
goggle,ogglegay
meantime,eantimemay
amused,amusedyay
idiotic,idioticyay
requires,equiresray
live,ivelay
table,abletay
killed,illedkay
five,ivefay
having,avinghay
loudly,oudlylay
greed,reedgay
young,oungyay
involuntarily,involuntarilyyay
especially,especiallyyay
meant,eantmay
stroll,trollsay
cursing,ursingcay
gropes,ropesgay
chairs,hairscay
march,archmay
mostly,ostlymay
bound,oundbay
emil,emilyay
patching,atchingpay
splinter,plintersay
unbutton,unbuttonyay
create,reatecay
haul,aulhay
pack,ackpay
fever,everfay
rides,idesray
healthythen,ealthythenhay
ago,agoyay
spot,potsay
intrigues,intriguesyay
afraid,afraidyay
annoyed,annoyedyay
train,raintay
parallel,arallelpay
affairs,affairsyay
plate,latepay
avert,avertyay
means,eansmay
whose,hoseway
badly,adlybay
been,eenbay
pots,otspay
comrade,omradecay
heather,eatherhay
crater,ratercay
ah,ahyay
stars,tarssay
machineguns,achinegunsmay
police,olicepay
groans,roansgay
steps,tepssay
yesterday,esterdayyay
trunks,runkstay
supper,uppersay
idyllan,idyllanyay
herself,erselfhay
set,etsay
buttonhole,uttonholebay
roasted,oastedray
furious,uriousfay
asleep,asleepyay
though,houghtay
start,tartsay
eaten,eatenyay
alarmed,alarmedyay
devours,evoursday
dead,eadday
changes,hangescay
most,ostmay
slender,lendersay
something,omethingsay
hears,earshay
watch,atchway
ditch,itchday
outside,outsideyay
cut,utcay
haste,astehay
ambulance,ambulanceyay
apple,appleyay
father,atherfay
about,aboutyay
deliberately,eliberatelyday
subside,ubsidesay
meat,eatmay
feet,eetfay
disconcerted,isconcertedday
coming,omingcay
post,ostpay
strangely,trangelysay
stack,tacksay
subsides,ubsidessay
class,lasscay
superiority,uperioritysay
fate,atefay
hideous,ideoushay
travel,raveltay
box,oxbay
should,houldsay
float,loatfay
obtuse,obtuseyay
momentarily,omentarilymay
attention,attentionyay
withdraw,ithdrawway
dragging,raggingday
off,offyay
did,idday
held,eldhay
conserves,onservescay
leather,eatherlay
get,etgay
calmly,almlycay
task,asktay
loafers,oaferslay
decently,ecentlyday
comforting,omfortingcay
race,aceray
object,objectyay
passing,assingpay
affair,affairyay
farther,artherfay
gives,ivesgay
wont,ontway
upi,upiyay
retreat,etreatray
afford,affordyay
erect,erectyay
furtively,urtivelyfay
consequence,onsequencecay
trousers,rouserstay
smoke,mokesay
coarse,oarsecay
around,aroundyay
thing,hingtay
lady,adylay
desk,eskday
windows,indowsway
appear,appearyay
teeth,eethtay
restand,estandray
industry,industryyay
senseless,enselesssay
slightest,lightestsay
tenor,enortay
balloons,alloonsbay
immense,immenseyay
pillowin,illowinpay
strong,trongsay
remain,emainray
noncommissioned,oncommissionednay
whereas,hereasway
detailed,etailedday
town,owntay
need,eednay
spots,potssay
idea,ideayay
lace,acelay
jumped,umpedjay
caught,aughtcay
chief,hiefcay
stupefied,tupefiedsay
understand,understandyay
hangs,angshay
strongest,trongestsay
feeble,eeblefay
hasten,astenhay
lasts,astslay
hauled,auledhay
suffering,ufferingsay
aloft,aloftyay
ears,earsyay
feelings,eelingsfay
fields,ieldsfay
marching,archingmay
sword,wordsay
be,ebay
crime,rimecay
fullgrown,ullgrownfay
told,oldtay
cat,atcay
fresh,reshfay
trench,renchtay
suppose,upposesay
joke,okejay
later,aterlay
territorials,erritorialstay
transport,ransporttay
concrete,oncretecay
life,ifelay
bounce,ouncebay
black,lackbay
written,rittenway
could,ouldcay
deep,eepday
chloroform,hloroformcay
purest,urestpay
lines,ineslay
them,hemtay
detains,etainsday
beautiful,eautifulbay
else,elseyay
physical,hysicalpay
are,areyay
fours,oursfay
teacosy,eacosytay
cologne,olognecay
banners,annersbay
my,ymay
position,ositionpay
fountains,ountainsfay
flowers,lowersfay
preparing,reparingpay
lords,ordslay
grimaces,rimacesgay
russian,ussianray
miles,ilesmay
company,ompanycay
staring,taringsay
alone,aloneyay
beforehand,eforehandbay
work,orkway
none,onenay
nobody,obodynay
gathered,atheredgay
pork,orkpay
yard,ardyay
moving,ovingmay
wood,oodway
unbroken,unbrokenyay
tried,riedtay
tormentor,ormentortay
darkness,arknessday
the,hetay
distributes,istributesday
practical,racticalpay
throat,hroattay
recover,ecoverray
bellies,elliesbay
will,illway
scarce,carcesay
produces,roducespay
violinists,iolinistsvay
blacker,lackerbay
worst,orstway
apply,applyyay
news,ewsnay
started,tartedsay
blood,loodbay
swells,wellssay
weser,eserway
werent,erentway
movements,ovementsmay
give,ivegay
sugar,ugarsay
messed,essedmay
whispers,hispersway
interject,interjectyay
current,urrentcay
repeating,epeatingray
hills,illshay
knowhe,nowhekay
awful,awfulyay
effort,effortyay
tightly,ightlytay
wanted,antedway
thunderbut,hunderbuttay
straps,trapssay
cigarettes,igarettescay
squad,quadsay
directions,irectionsday
prop,roppay
buried,uriedbay
inspector,inspectoryay
disappear,isappearday
grips,ripsgay
shellholes,hellholessay
same,amesay
birch,irchbay
themno,hemnotay
warmth,armthway
scene,cenesay
plead,leadpay
tjaden,jadentay
enemy,enemyyay
russia,ussiaray
cries,riescay
struggle,trugglesay
hardly,ardlyhay
tip,iptay
ploughed,loughedpay
keep,eepkay
nipped,ippednay
stark,tarksay
sufficient,ufficientsay
journey,ourneyjay
modestly,odestlymay
nerves,ervesnay
wirelessmen,irelessmenway
broken,rokenbay
squatting,quattingsay
true,ruetay
palmy,almypay
when,henway
myself,yselfmay
wrong,rongway
order,orderyay
pot,otpay
straw,trawsay
antitetanus,antitetanusyay
resting,estingray
each,eachyay
pancakes,ancakespay
bellows,ellowsbay
mutters,uttersmay
far,arfay
strikes,trikessay
songs,ongssay
impossible,impossibleyay
wheat,heatway
course,oursecay
drags,ragsday
altar,altaryay
shrugging,hruggingsay
trolleys,rolleystay
lies,ieslay
why,hyway
judgment,udgmentjay
creeping,reepingcay
decisioni,ecisioniday
specially,peciallysay
glasses,lassesgay
whether,hetherway
divisions,ivisionsday
just,ustjay
apostles,apostlesyay
continually,ontinuallycay
necks,ecksnay
figure,igurefay
insufferable,insufferableyay
ghost,hostgay
sick,icksay
hope,opehay
meets,eetsmay
filled,illedfay
calmer,almercay
luxury,uxurylay
nervous,ervousnay
skinned,kinnedsay
seven,evensay
patches,atchespay
blackness,lacknessbay
sweep,weepsay
comes,omescay
view,iewvay
slammed,lammedsay
handtohand,andtohandhay
mechanically,echanicallymay
thank,hanktay
weep,eepway
we,eway
cease,easecay
blows,lowsbay
evening,eveningyay
smokes,mokessay
firing,iringfay
hunger,ungerhay
anew,anewyay
invited,invitedyay
shake,hakesay
change,hangecay
instinctive,instinctiveyay
lurch,urchlay
drivelling,rivellingday
your,ouryay
opinion,opinionyay
tone,onetay
pasting,astingpay
terribly,erriblytay
gave,avegay
potato,otatopay
gleam,leamgay
minutes,inutesmay
lifeand,ifeandlay
autumntinted,autumntintedyay
arrange,arrangeyay
without,ithoutway
foot,ootfay
listen,istenlay
woods,oodsway
gurgling,urglinggay
furrows,urrowsfay
dumpand,umpandday
those,hosetay
towards,owardstay
creature,reaturecay
entirely,entirelyyay
happened,appenedhay
concert,oncertcay
operated,operatedyay
guns,unsgay
pants,antspay
surreptitiously,urreptitiouslysay
shrugs,hrugssay
eiderdowns,eiderdownsyay
differently,ifferentlyday
length,engthlay
barbedwire,arbedwirebay
ended,endedyay
least,eastlay
watching,atchingway
grim,rimgay
refuse,efuseray
sunday,undaysay
display,isplayday
lust,ustlay
marvelous,arvelousmay
french,renchfay
stoves,tovessay
forget,orgetfay
education,educationyay
won,onway
price,ricepay
possible,ossiblepay
stabs,tabssay
chewing,hewingcay
whats,hatsway
lighter,ighterlay
clench,lenchcay
fire,irefay
growls,rowlsgay
instance,instanceyay
halfwit,alfwithay
pause,ausepay
call,allcay
fly,lyfay
they,heytay
difference,ifferenceday
rockets,ocketsray
crosses,rossescay
nearer,earernay
somewhere,omewheresay
grow,rowgay
valenciennes,alenciennesvay
chirps,hirpscay
couple,ouplecay
voices,oicesvay
roll,ollray
guiltlessif,uiltlessifgay
some,omesay
barrage,arragebay
doze,ozeday
offend,offendyay
has,ashay
risky,iskyray
except,exceptyay
hollow,ollowhay
elbows,elbowsyay
helmets,elmetshay
restlessly,estlesslyray
bellybands,ellybandsbay
flit,litfay
heard,eardhay
absurd,absurdyay
besides,esidesbay
violinist,iolinistvay
manned,annedmay
fulfil,ulfilfay
maggot,aggotmay
maintain,aintainmay
love,ovelay
allhighest,allhighestyay
seizes,eizessay
early,earlyyay
stays,tayssay
caredwe,aredwecay
carry,arrycay
christian,hristiancay
their,heirtay
a,ayay
along,alongyay
hither,itherhay
instrument,instrumentyay
knifeready,nifereadykay
chopped,hoppedcay
large,argelay
struck,trucksay
suggests,uggestssay
pupil,upilpay
folk,olkfay
objective,objectiveyay
job,objay
damp,ampday
summer,ummersay
der,erday
like,ikelay
already,alreadyyay
man,anmay
say,aysay
splints,plintssay
thatthe,hatthetay
hammerling,ammerlinghay
use,useyay
meek,eekmay
than,hantay
bleeding,leedingbay
fall,allfay
asked,askedyay
wonderfully,onderfullyway
parapet,arapetpay
higher,igherhay
wheels,heelsway
cry,rycay
redcross,edcrossray
russians,ussiansray
distribution,istributionday
airy,airyyay
pounding,oundingpay
pretends,retendspay
endured,enduredyay
kick,ickkay
tickets,icketstay
itself,itselfyay
leave,eavelay
home,omehay
break,reakbay
weak,eakway
disgusting,isgustingday
locate,ocatelay
stacked,tackedsay
hands,andshay
fences,encesfay
have,avehay
organ,organyay
grater,ratergay
possibly,ossiblypay
otherwise,otherwiseyay
draw,rawday
half,alfhay
arranging,arrangingyay
sings,ingssay
observation,observationyay
friends,riendsfay
amongst,amongstyay
follows,ollowsfay
tjadenwhatstand,jadenwhatstandtay
dreadful,readfulday
retorts,etortsray
scored,coredsay
opposite,oppositeyay
intelligent,intelligentyay
directly,irectlyday
bandaged,andagedbay
thither,hithertay
actually,actuallyyay
commands,ommandscay
surgeons,urgeonssay
throttling,hrottlingtay
offending,offendingyay
miserablelooking,iserablelookingmay
movement,ovementmay
curly,urlycay
shallow,hallowsay
carvings,arvingscay
ease,easeyay
quick,uickqay
dirty,irtyday
hatch,atchhay
pretend,retendpay
arrives,arrivesyay
not,otnay
stations,tationssay
clear,learcay
jests,estsjay
falls,allsfay
searches,earchessay
groping,ropinggay
feelingly,eelinglyfay
rings,ingsray
afterward,afterwardyay
sisters,isterssay
dysentery,ysenteryday
sees,eessay
outer,outeryay
burn,urnbay
usagainst,usagainstyay
ranges,angesray
sky,kysay
bird,irdbay
sole,olesay
exchange,exchangeyay
lost,ostlay
direct,irectday
brought,roughtbay
at,atyay
instead,insteadyay
these,hesetay
eldest,eldestyay
fathers,athersfay
below,elowbay
provisions,rovisionspay
nasty,astynay
fallen,allenfay
imagination,imaginationyay
rains,ainsray
blow,lowbay
dropped,roppedday
rails,ailsray
whos,hosway
supposed,upposedsay
attempt,attemptyay
comrades,omradescay
move,ovemay
troubles,roublestay
conversation,onversationcay
culprits,ulpritscay
waken,akenway
thunder,hundertay
madness,adnessmay
knack,nackkay
moors,oorsmay
bands,andsbay
didnt,idntday
fury,uryfay
let,etlay
closer,losercay
martens,artensmay
announces,announcesyay
arched,archedyay
smashed,mashedsay
license,icenselay
selfcontrol,elfcontrolsay
thumb,humbtay
onward,onwardyay
tenderhearted,enderheartedtay
wear,earway
thundering,hunderingtay
roomout,oomoutray
sty,tysay
spread,preadsay
invalids,invalidsyay
pounce,ouncepay
inches,inchesyay
bad,adbay
nature,aturenay
continues,ontinuescay
jump,umpjay
mortar,ortarmay
pulled,ulledpay
confidenceand,onfidenceandcay
makes,akesmay
foolishness,oolishnessfay
idyll,idyllyay
alongside,alongsideyay
ladyall,adyalllay
fireplace,ireplacefay
dies,iesday
purrs,urrspay
stamps,tampssay
hold,oldhay
then,hentay
mention,entionmay
places,lacespay
shot,hotsay
quickly,uicklyqay
rot,otray
once,onceyay
airs,airsyay
sympathy,ympathysay
reorganized,eorganizedray
melts,eltsmay
wasnt,asntway
gloomy,loomygay
think,hinktay
clamped,lampedcay
heads,eadshay
difficulty,ifficultyday
finding,indingfay
direction,irectionday
several,everalsay
belly,ellybay
often,oftenyay
increases,increasesyay
ballet,alletbay
me,emay
demands,emandsday
sticky,tickysay
griping,ripinggay
find,indfay
sergeant,ergeantsay
despite,espiteday
everywhere,everywhereyay
periodically,eriodicallypay
words,ordsway
anymore,anymoreyay
overworked,overworkedyay
mahogany,ahoganymay
yourself,ourselfyay
less,esslay
regards,egardsray
berlichingen,erlichingenbay
wind,indway
thumbin,humbintay
shelling,hellingsay
cost,ostcay
woman,omanway
everybody,everybodyyay
hamacher,amacherhay
bandage,andagebay
pitch,itchpay
whisper,hisperway
proud,roudpay
pulling,ullingpay
review,eviewray
faint,aintfay
wants,antsway
days,aysday
resist,esistray
gulps,ulpsgay
hour,ourhay
obscure,obscureyay
formerly,ormerlyfay
soured,ouredsay
tormenting,ormentingtay
wing,ingway
men,enmay
takes,akestay
clean,leancay
intoning,intoningyay
stumps,tumpssay
cant,antcay
shame,hamesay
babble,abblebay
pitiful,itifulpay
if,ifyay
become,ecomebay
confusion,onfusioncay
dropping,roppingday
ignore,ignoreyay
stare,taresay
latrine,atrinelay
dugout,ugoutday
seem,eemsay
excited,excitedyay
record,ecordray
glow,lowgay
spectacles,pectaclessay
yelling,ellingyay
stone,tonesay
sheer,heersay
human,umanhay
soup,oupsay
cripple,ripplecay
manage,anagemay
touchy,ouchytay
perhaps,erhapspay
grade,radegay
best,estbay
nonsense,onsensenay
kicks,ickskay
pain,ainpay
recruit,ecruitray
mouths,outhsmay
bargain,argainbay
becomes,ecomesbay
sobut,obutsay
how,owhay
unwashed,unwashedyay
across,acrossyay
paulquiet,aulquietpay
such,uchsay
legs,egslay
thermometer,hermometertay
oclock,oclockyay
depot,epotday
opportunities,opportunitiesyay
tells,ellstay
